"xreg","AIC","deltaAIC","ME","RMSE","MAE","MPE","MAPE","MASE","ACF1"
"harmonics",590.811960897507,0,0.0101021588958561,0.768900206977525,0.572082198260876,-0.443614999984971,5.08660435532303,0.725042851434471,-0.0462768603638474
"ash",592.786397960498,1.97,0.010042976287701,0.768859916229614,0.571902351207521,-0.443791534932512,5.08133463908819,0.72481491772008,-0.0460278298304373
"sproat",592.809906879668,2,0.0100791462135655,0.768896565530274,0.572119236924193,-0.443668751651311,5.08607865093794,0.725089793321749,-0.0462137269841412
"bothFlow",594.762153430302,3.95,0.0101517865150486,0.768824514455774,0.571482517634916,-0.443240071735837,5.07853210938974,0.724282831017269,-0.0460209606948134
"air",596.238793492236,5.43,0.0100512157082655,0.768036218601421,0.572162402395977,-0.443995728516549,5.08080568938741,0.725144500174787,-0.0490579196699728
"airFlow",600.186422815545,9.37,0.010069597510123,0.767957216922185,0.57148400206711,-0.444007350467494,5.07198838251101,0.724284712349976,-0.0487052388581537
